group,ref,qty,part,package,source,approx_price_eur,notes
module,U1,1,Waveshare ESP32-S3-Touch-LCD-2.8 (touch),module 69.0x49.9mm PCB / 73.06x50.54mm glass,waveshare.com,24,"brain, 2.8in IPS 240x320, PCF85063 RTC, PCM5101 amp, ETA6098 charger (2A), ESP32-S3R8 16MB/8MB"
module,SPK1,1,Speaker 8ohm 2W 2030,2030,waveshare.com,2,"plugs into module speaker header"
module,BT1,1,RTC backup cell (ML1220 or Waveshare-paired),coin,waveshare.com,2,"rechargeable; module charges it"
reader,NFC1,1,PN532 NFC module V3 (I2C/SPI/HSU DIP switch),40x43mm,amazon.es / aliexpress,6,"set DIP to I2C: 1=ON 2=OFF; 3.3V logic"
reader,,8,MIFARE Classic 1K fob or NTAG213 sticker,,amazon.es,0.4,"13.56 MHz ISO 14443A"
cable,,1,JST SH 1.0mm 12-pin ribbon cable same-side (type A) 100mm,SH 1.0,aliexpress / lcsc,1,"module J8 <-> carrier J3; verify pin1-to-pin1 with a meter"
cable,,1,1.25mm 2-pin cable (PH1.25 / MX1.25) 80mm,1.25mm,aliexpress / lcsc,0.5,"module J1 BAT <-> carrier J5; mind polarity"
cable,,1,JST PH 2.0mm 5-pin to Dupont female 200mm,PH 2.0,aliexpress / lcsc,0.8,"carrier J2 <-> PN532 header"
carrier,F1,1,PTC resettable fuse 1.1A hold,1812,mouser/lcsc,0.3,
carrier,TVS1,1,SMAJ5.0A unidirectional TVS,SMA,mouser/lcsc,0.3,"clamps car adapter spikes"
carrier,D1,1,SS34 Schottky 3A 40V,SMA,mouser/lcsc,0.15,"series isolation car -> USB_5V; JP1 can bypass"
carrier,JP1,1,solder jumper 2-pad,SMD,-,0,"bypass D1 (open by default)"
carrier,JP2,1,solder jumper 2-pad,SMD,-,0,"BAT -> VCAP (closed by default; open for fallback config)"
carrier,R1,1,100 kohm 1%,0805,mouser/lcsc,0.02,"sense divider top (car side of D1)"
carrier,R2,1,47 kohm 1%,0805,mouser/lcsc,0.02,"sense divider bottom"
carrier,R4,1,10 kohm,0805,mouser/lcsc,0.02,"balance across C1a"
carrier,R5,1,10 kohm,0805,mouser/lcsc,0.02,"balance across C1b"
carrier,R6,1,5.1 kohm,0805,mouser/lcsc,0.02,"USB-C CC1 pulldown"
carrier,R7,1,5.1 kohm,0805,mouser/lcsc,0.02,"USB-C CC2 pulldown"
carrier,C1a,1,Supercap 5F 2.7V low-ESR cylindrical,8x20mm radial,mouser (Eaton HB / CDE DGH) or aliexpress,1.5,"ESR <= 0.5 ohm; NOT coin-stack; mounts on outer face"
carrier,C1b,1,Supercap 5F 2.7V low-ESR cylindrical,8x20mm radial,mouser (Eaton HB / CDE DGH) or aliexpress,1.5,"in series with C1a"
carrier,C2,1,10 uF 16V X5R,0805,mouser/lcsc,0.05,"at J3 USB_5V"
carrier,J1,1,USB-C receptacle 16-pin (power-only wiring),USB-C 16P,lcsc,0.4,"car 5V in"
carrier,J2,1,JST S5B-PH-K-S (PH 2.0mm 5-pin right angle),JST PH,lcsc,0.2,"to PN532: 3V3 GND SDA SCL IRQ"
carrier,J3,1,JST SM12B-SRSS-TB (SH 1.0mm 12-pin side entry),JST SH,lcsc,0.5,"to module J8"
carrier,J4,1,3-pin 2.54mm header,2.54mm,lcsc,0.1,"UART debug TX RX GND (optional)"
carrier,J5,1,1.25mm 2-pin SMD socket (matches module J1 PH1.25),1.25mm,lcsc,0.2,"supercap bank to module BAT"
carrier,TP1-TP2,2,test point,SMD,lcsc,0.05,"USB_5V, VCAP"
carrier,,4,M2.5 x 8mm standoff + M2.5 screws,,amazon.es,2,"module back components are 6 mm tall"
carrier,PCB,3,Carrier PCB rev A 2-layer 1.6mm HASL 69.0x49.9mm,,friend's fab or JLCPCB,5,
fallback,R3,1,22 ohm 1W,2512,mouser/lcsc,0.2,"DNP by default; fallback config only"
fallback,D2,1,SS34 Schottky 3A 40V,SMA,mouser/lcsc,0.15,"DNP by default; fallback config only"
already_owned,,1,Vgate iCar Pro BLE OBD-II,,amazon.es,30,"ordered separately"
already_owned,,1,Raspberry Pi running car-km service,,,,
already_owned,,1,ESP32-S3 DevKitC-1 N16R8,,,,"bench testing only"
